{"cameraMode":{"drawMode":0,"name":"Shaded","section":"Shading Mode"},"sceneLighting":false,"audioPlay":false,"sceneViewState":{"m_AlwaysRefresh":false,"showFog":true,"showSkybox":false,"showFlares":true,"showImageEffects":true,"showParticleSystems":true,"showVisualEffectGraphs":true,"m_FxEnabled":true},"in2DMode":false,"pivot":{"x":2.363478422164917,"y":0.06388960778713227,"z":0.9839321374893189},"rotation":{"x":-0.6415973901748657,"y":-0.18406586349010468,"z":0.16251808404922486,"w":-0.72665935754776},"size":0.13189882040023805,"orthographic":false}